title,price,location,bedrooms,bathrooms,Squared-Feet,category,property_type,agent_name,agent_contact,agent_email
Divine Living,796000,"Dubai, Al Barshaa South Third, Arjan",1,2,739,Apartment,Sale,Khalid Khan,+971509026757,marketing@apilproperties.com
Branded 2 Bedroom by Marriott Residences | Ready to Move,290000,"Dubai, Al Barsha South Fourth (JVC), jumeirah village circle",2,3,1750,Apartment,Rent,Khalid Khan,+971509026757,marketing@apilproperties.com
Branded 1 Bedroom by Marriott Residences | Ready to Move,160000,"Dubai, Al Barsha South Fourth (JVC), jumeirah village circle",1,2,1151,Apartment,Rent,Khalid Khan,+971509026757,marketing@apilproperties.com
Divine Living,796000,"Dubai, Al Barshaa South Third, Arjan",1,2,739,Apartment,Sale,N/A,N/A,N/A
Divine Living,796000,"Dubai, Al Barshaa South Third, Arjan",1,2,739,Apartment,Sale,N/A,N/A,N/A
Divine Living,796000,"Dubai, Al Barshaa South Third, Arjan",1,2,739,Apartment,Sale,N/A,N/A,N/A
Divine Living,796000,"Dubai, Al Barshaa South Third, Arjan",1,2,739,Apartment,Sale,N/A,N/A,N/A
Divine Living,796000,"Dubai, Al Barshaa South Third, Arjan",1,2,739,Apartment,Sale,N/A,N/A,N/A
Divine Living,796000,"Dubai, Al Barshaa South Third, Arjan",1,2,739,Apartment,Sale,N/A,N/A,N/A
Divine Living,796000,"Dubai, Al Barshaa South Third, Arjan",1,2,739,Apartment,Sale,N/A,N/A,N/A
Divine Living,796000,"Dubai, Al Barshaa South Third, Arjan",1,2,739,Apartment,Sale,N/A,N/A,N/A
Divine Living,796000,"Dubai, Al Barshaa South Third, Arjan",1,2,739,Apartment,Sale,N/A,N/A,N/A
Divine Living,,"Dubai, Al Barshaa South Third, Arjan",1,2,,Apartment,Sale,N/A,N/A,N/A
Divine Living,796000,"Dubai, Al Barshaa South Third, Arjan",1,2,739,Apartment,Sale,N/A,N/A,N/A
Divine Living,796000,"Dubai, Al Barshaa South Third, Arjan",1,2,739,Apartment,Sale,N/A,N/A,N/A
Q Gardens Boutique Residences,1096000,"Dubai, Al Barshaa South Third, Arjan",1,2,850,Apartment,Sale,N/A,N/A,N/A
Luxury Villa in Palm Jumeirah-1,12500000,"Dubai, Al khairan first, Dubai Creek Harbour",5,2,4500.25,Duplex,Off-Plan,Khalid Khan,+971509026757,marketing@apilproperties.com
Adhara Star | 3 Bedroom Apartment,2100000,"Dubai, Al Barshaa South Third, Arjan",3,4,1520,Apartment,Off-Plan,Khalid Khan,+971509026757,marketing@apilproperties.com
Adhara Star | 2 Bedroom Apartment,1600000,"Dubai, Al Barshaa South Third, Arjan",2,3,1133,Apartment,Off-Plan,Khalid Khan,+971509026757,marketing@apilproperties.com
Adhara Star | 1 br Apartment | arjan,1200000,"Dubai, Al Barshaa South Third, Arjan",1,2,779,Apartment,Off-Plan,Khalid Khan,+971509026757,marketing@apilproperties.com
Gardenia Living |  2 br Apartment  | arjan,1200000,"Dubai, Al Barshaa South Third, Arjan",2,3,1051,Apartment,Sale,Khalid Khan,+971509026757,marketing@apilproperties.com
Gardenia Living |  1 br Apartment  | arjan,860000,"Dubai, Al Barshaa South Third, Arjan",1,2,740,Apartment,Sale,Khalid Khan,+971509026757,marketing@apilproperties.com
Supreme Residence |  2 br Apartment  | arjan,1500000,"Dubai, Al Barshaa South Third, Arjan",2,3,1127,Apartment,Sale,Khalid Khan,+971509026757,marketing@apilproperties.com
Supreme Residence |  1 br Apartment  | arjan,1100000,"Dubai, Al Barshaa South Third, Arjan",1,2,730,Apartment,Sale,Khalid Khan,+971509026757,marketing@apilproperties.com
Supreme Residence |  studio Apartment  | arjan,626000,"Dubai, Al Barshaa South Third, Arjan",Studio,2,430,Apartment,Sale,Khalid Khan,+971509026757,marketing@apilproperties.com
Marquis Signature | 3 br Apartment  | arjan,2000000,"Dubai, Al Barshaa South Third, Arjan",3,4,1996,Apartment,Sale,Khalid Khan,+971509026757,marketing@apilproperties.com
Marquis Signature | 2 BR Apartment,1400000,"Dubai, Al Barshaa South Third, Arjan",2,3,1196,Apartment,Sale,Khalid Khan,+971509026757,marketing@apilproperties.com
Marquis Signature | 1 BR Apartment,977000,"Dubai, Al Barshaa South Third, Arjan",1,2,1014,Apartment,Sale,Khalid Khan,+971509026757,marketing@apilproperties.com
Marquis Galleria | 3 BR Apartment,2300000,"Dubai, Al Barshaa South Third, Arjan",3,4,2099,Apartment,Off-Plan,Khalid Khan,+971509026757,marketing@apilproperties.com
Marquis Galleria | 2 BR Apartment,1400000,"Dubai, Al Barshaa South Third, Arjan",2,3,1193,Apartment,Off-Plan,Khalid Khan,+971509026757,marketing@apilproperties.com
Marquis Galleria | 1 BR Apartment,879000,"Dubai, Al Barshaa South Third, Arjan",1,2,789,Apartment,Off-Plan,Khalid Khan,+971509026757,marketing@apilproperties.com
The W Residences | 3 BR Apartment,4650000,"Dubai, Burj Khalifa, downtown",3,4,1460,Apartment,Off-Plan,Khalid Khan,+971509026757,marketing@apilproperties.com
The W Residences | 2 BR Apartment,3200000,"Dubai, Burj Khalifa, downtown",2,3,1078,Apartment,Off-Plan,Khalid Khan,+971509026757,marketing@apilproperties.com
The W Residences | 1 BR Apartment,2150000,"Dubai, Burj Khalifa, downtown",1,2,704,Apartment,Off-Plan,Khalid Khan,+971509026757,marketing@apilproperties.com
Imperial Avenue | 5 br penthouses,18900000,"Dubai, Burj Khalifa, downtown",5,6,5151,Penthouse,Sale,Khalid Khan,+971509026757,marketing@apilproperties.com
Imperial Avenue | 4 br penthouses,25000000,"Dubai, Burj Khalifa, downtown",4,5,5198,Penthouse,Sale,Khalid Khan,+971509026757,marketing@apilproperties.com
Imperial Avenue | 4 br Apartment,12800000,"Dubai, Burj Khalifa, downtown",4,5,3124,Apartment,Sale,Khalid Khan,+971509026757,marketing@apilproperties.com
Imperial Avenue | 3 br Apartment,6300000,"Dubai, Burj Khalifa, downtown",3,4,2049,Apartment,Sale,Khalid Khan,+971509026757,marketing@apilproperties.com
Imperial Avenue | 2 br Apartment,5100000,"Dubai, Burj Khalifa, downtown",2,3,1458,Apartment,Sale,Khalid Khan,+971509026757,marketing@apilproperties.com
Imperial Avenue | 1 br Apartment,2500000,"Dubai, Burj Khalifa, downtown",1,2,859,Apartment,Sale,Khalid Khan,+971509026757,marketing@apilproperties.com
25h Heimat | 3 BR Apartment,6300000,"Dubai, Burj Khalifa, downtown",3,4,1861,Apartment,Off-Plan,Khalid Khan,+971509026757,marketing@apilproperties.com
25h Heimat | 2 BR Apartment,3900020,"Dubai, Burj Khalifa, downtown",2,3,1429,Apartment,Off-Plan,Khalid Khan,+971509026757,marketing@apilproperties.com
25h Heimat | 1 BR Apartment,2485110,"Dubai, Burj Khalifa, downtown",1,2,767,Apartment,Off-Plan,Khalid Khan,+971509026757,marketing@apilproperties.com
Ellington DT1 | 3 BR Penthouse,14000000,"Dubai, Burj Khalifa, downtown",3,4,3938,Penthouse,Sale,Khalid Khan,+971509026757,marketing@apilproperties.com
Ellington DT1 | 2 BR Apartment,5350000,"Dubai, Burj Khalifa, downtown",2,3,1527,Apartment,Sale,Khalid Khan,+971509026757,marketing@apilproperties.com
Ellington DT1 | 1 BR Apartment,2475000,"Dubai, Burj Khalifa, downtown",1,2,993,Apartment,Sale,Khalid Khan,+971509026757,marketing@apilproperties.com
BLVD Crescent | 3 BR Apartment,5374000,"Dubai, Burj Khalifa, downtown",3,4,1957,Apartment,Sale,Khalid Khan,+971509026757,marketing@apilproperties.com
BLVD Crescent | 2 BR Apartment,3759000,"Dubai, Burj Khalifa, downtown",2,3,1404,Apartment,Sale,Khalid Khan,+971509026757,marketing@apilproperties.com
BLVD Crescent | 1 BR Apartment,2154000,"Dubai, Burj Khalifa, downtown",1,2,906,Apartment,Sale,Khalid Khan,+971509026757,marketing@apilproperties.com
BLVD Heights | 4 BR Apartment,8500000,"Dubai, Burj Khalifa, downtown",4,5,2609,Apartment,Sale,Khalid Khan,+971509026757,marketing@apilproperties.com
BLVD Heights | 3 BR Apartment,6000000,"Dubai, Burj Khalifa, downtown",3,4,2354,Apartment,Sale,Khalid Khan,+971509026757,marketing@apilproperties.com
BLVD Heights | 2 BR Apartment,3900000,"Dubai, Burj Khalifa, downtown",2,3,1405,Apartment,Sale,Khalid Khan,+971509026757,marketing@apilproperties.com
BLVD Heights | 1 BR Apartment | Downtown Dubai,2500000,"Dubai, Burj Khalifa, downtown",1,2,867,Apartment,Sale,Khalid Khan,+971509026757,marketing@apilproperties.com
Elite Downtown Residence | 3 BR Apartment,4900000,"Dubai, Burj Khalifa, downtown",3,4,1615,Apartment,Sale,Khalid Khan,+971509026757,marketing@apilproperties.com
Elite Downtown Residence | 2 BR Apartment,4700000,"Dubai, Burj Khalifa, downtown",2,3,1630,Apartment,Sale,Khalid Khan,+971509026757,marketing@apilproperties.com
Elite Downtown Residence | 1 BR Apartment,2170000,"Dubai, None, downtown",1,2,809,Apartment,Sale,Khalid Khan,+971509026757,marketing@apilproperties.com
Elite Downtown Residence | Studio Apartment,1250000,"Dubai, Burj Khalifa, downtown",Studio,1,431,Apartment,Sale,Khalid Khan,+971509026757,marketing@apilproperties.com
Rove Home | 2 BR Apartment,3811000,"Dubai, Burj Khalifa, downtown",2,3,1300,Apartment,Off-Plan,Khalid Khan,+971509026757,marketing@apilproperties.com
Rove Home | 1 BR Apartment,2193000,"Dubai, Burj Khalifa, downtown",1,3,700,Apartment,Off-Plan,Khalid Khan,+971509026757,marketing@apilproperties.com
Rove Home | Studio Apartment,1511000,"Dubai, Burj Khalifa, downtown",Studio,1,410,Apartment,Off-Plan,Khalid Khan,+971509026757,marketing@apilproperties.com
Vida Residence | 5 BR Penthouse,42000000,"Dubai, Burj Khalifa, downtown",5,6,6699,Penthouse,Sale,Khalid Khan,+971509026757,marketing@apilproperties.com
Vida Residence | 4 BR Apartment,15000000,"Dubai, Burj Khalifa, downtown",4,5,2800,Apartment,Sale,Khalid Khan,+971509026757,marketing@apilproperties.com
Vida Residence | 3 BR Apartment,5950000,"Dubai, Burj Khalifa, downtown",3,4,2012,Apartment,Sale,Khalid Khan,+971509026757,marketing@apilproperties.com
Vida Residence | 2 BR Apartment,4700000,"Dubai, Burj Khalifa, downtown",2,3,1385,Apartment,Sale,Khalid Khan,+971509026757,marketing@apilproperties.com
Vida Residence | 1 BR Apartment,2300000,"Dubai, Burj Khalifa, downtown",1,2,731,Apartment,Sale,Khalid Khan,+971509026757,marketing@apilproperties.com
Cayan Tower | 3 Bedroom Duplex Apartment,6000000,"Dubai, Marsa Dubai, Dubai Marina",3,4,2912,Duplex,Sale,Khalid Khan,+971509026757,marketing@apilproperties.com
Al Majara 2 | 1 Bedroom Apartment,1595000,"Dubai, Marsa Dubai, Dubai Marina",1,2,840.98,Apartment,Sale,Khalid Khan,+971509026757,marketing@apilproperties.com
52-42 Tower | 2 Bedroom Apartment,2400000,"Dubai, Marsa Dubai, Dubai Marina",2,3,1562,Apartment,Sale,Khalid Khan,+971509026757,marketing@apilproperties.com
52-42 Tower | 1 Bedroom Apartment,1700000,"Dubai, Marsa Dubai, Dubai Marina",1,2,729,Apartment,Sale,Khalid Khan,+971509026757,marketing@apilproperties.com
52-42 Tower | 3 Bedroom Apartment,3175000,"Dubai, Marsa Dubai, Dubai Marina",3,4,1747,Apartment,Sale,Khalid Khan,+971509026757,marketing@apilproperties.com
Al Mass Villas | 3 Bedroom Villas,350000,"Dubai, Marsa Dubai, Dubai Marina",3,4,4600,Villa,Sale,Khalid Khan,+971509026757,marketing@apilproperties.com
Al Yass | 2 Bedroom Apartment,1800000,"Dubai, Marsa Dubai, Dubai Marina",2,3,1444,Apartment,Sale,Khalid Khan,+971509026757,marketing@apilproperties.com
Paloma Tower | 3 Bedroom Apartment,2900000,"Dubai, Marsa Dubai, Dubai Marina",3,4,2095,Apartment,Sale,Khalid Khan,+971509026757,marketing@apilproperties.com
Al Majara 5 | 1 Bedroom Apartment,1175000,"Dubai, Marsa Dubai, Dubai Marina",1,2,893,Apartment,Sale,Khalid Khan,+971509026757,marketing@apilproperties.com
Time Place Tower | 2 Bedroom Apartment,1350000,"Dubai, Marsa Dubai, Dubai Marina",2,3,1226,Apartment,Sale,Khalid Khan,+971509026757,marketing@apilproperties.com
Bay Central | 1 Bedroom Apartment,650000,"Dubai, Marsa Dubai, Dubai Marina",1,2,692,Apartment,Sale,Khalid Khan,+971509026757,marketing@apilproperties.com
Marina Diamond 4 | 1 Bedroom Apartment,800000,"Dubai, Marsa Dubai, Dubai Marina",1,2,776,Apartment,Sale,Khalid Khan,+971509026757,marketing@apilproperties.com
Bay Central | 3 Bedroom Apartment,1600000,"Dubai, Marsa Dubai, Dubai Marina",3,4,1400,Apartment,Sale,Khalid Khan,+971509026757,marketing@apilproperties.com
The Torch Tower | 2 Bedroom Apartment,1200000,"Dubai, Marsa Dubai, Dubai Marina",2,3,1300,Apartment,Sale,Khalid Khan,+971509026757,marketing@apilproperties.com
Marina Diamond 4 | 2 Bedroom Apartment,850000,"Dubai, Marsa Dubai, Dubai Marina",2,2,1038,Apartment,Sale,Khalid Khan,+971509026757,marketing@apilproperties.com
Harbour Views 1 | 3 BR Apartment,2700000,"Dubai, Al khairan first, Dubai Creek Harbour",3,4,1526,Apartment,Sale,Khalid Khan,+971509026757,marketing@apilproperties.com
Dubai Creek Residence Tower 2 North | 1 BR Apartment,1399990,"Dubai, Al khairan first, Dubai Creek Harbour",1,2,1020,Apartment,Sale,Khalid Khan,+971509026757,marketing@apilproperties.com
Aquilegia | 3 BR Villa,1250000,"Dubai, Al Yufrah 2, Damac Hills 2",3,4,112.24,Villa,Sale,Khalid Khan,+971509026757,marketing@apilproperties.com
Avencia 2 | 3 BR Villa,798000,"Dubai, Al Yufrah 2, Damac Hills 2",3,4,1703,Villa,Sale,Khalid Khan,+971509026757,marketing@apilproperties.com
Claret | 4 BR Villa,1650000,"Dubai, Al Yufrah 2, Damac Hills 2",4,5,2400,Villa,Sale,Khalid Khan,+971509026757,marketing@apilproperties.com
Floarea Residence | 2 BR Apartment,1300000,"Dubai, Al Barshaa South Third, Arjan",2,4,1159,Apartment,Off-Plan,Khalid Khan,+971509026757,marketing@apilproperties.com
Floarea Residence | 1 BR Apartment,872000,"Dubai, Al Barshaa South Third, Arjan",1,2,750,Apartment,Off-Plan,Khalid Khan,+971509026757,marketing@apilproperties.com
Floarea Residence | Studio Apartment,553000,"Dubai, Al Barshaa South Third, Arjan",Studio,1,409,Apartment,Off-Plan,Khalid Khan,+971509026757,marketing@apilproperties.com
Arbor View | 3 BR Apartment,2500000,"Dubai, Al Barshaa South Third, Arjan",3,4,1670,Apartment,Off-Plan,Khalid Khan,+971509026757,marketing@apilproperties.com
Arbor View | 2 BR Apartment,1900000,"Dubai, Al Barshaa South Third, Arjan",2,3,1204,Apartment,Off-Plan,Khalid Khan,+971509026757,marketing@apilproperties.com
Arbor View | 1 BR Apartment,1500000,"Dubai, Al Barshaa South Third, Arjan",1,2,893,Apartment,Off-Plan,Khalid Khan,+971509026757,marketing@apilproperties.com
Arbor View | Studio Apartment,818000,"Dubai, Al Barshaa South Third, Arjan",Studio,1,451,Apartment,Off-Plan,Khalid Khan,+971509026757,marketing@apilproperties.com
48 Parkside | 3 BR Apartment,1922960,"Dubai, Al Barshaa South Third, Arjan",3,4,1443,Apartment,Off-Plan,Khalid Khan,+971509026757,marketing@apilproperties.com
48 Parkside | 2 BR Apartment,1645790,"Dubai, Al Barshaa South Third, Arjan",2,3,1186,Apartment,Off-Plan,Khalid Khan,+971509026757,marketing@apilproperties.com
48 Parkside | 1 BR Apartment,1102050,"Dubai, Al Barshaa South Third, Arjan",1,2,748,Apartment,Off-Plan,Khalid Khan,+971509026757,marketing@apilproperties.com
Marquis Insignia | 3 BR Apartment,2350000,"Dubai, Al Barshaa South Third, Arjan",3,4,2183,Apartment,Off-Plan,Khalid Khan,+971509026757,marketing@apilproperties.com
Marquis Insignia | 2 BR Apartment,1774300,"Dubai, Al Barshaa South Third, Arjan",2,3,1177,Apartment,Off-Plan,Khalid Khan,+971509026757,marketing@apilproperties.com
Marquis Insignia | 1 BR Apartment,1195120,"Dubai, Al Barshaa South Third, Arjan",1,2,791,Apartment,Off-Plan,Khalid Khan,+971509026757,marketing@apilproperties.com
NAS 3 | 3 BR Apartment,2300000,"Dubai, Al Barshaa South Third, Arjan",3,4,1609,Apartment,Off-Plan,Khalid Khan,+971509026757,marketing@apilproperties.com
NAS 3 | 2 BR Duplex Apartment,2424960,"Dubai, Al Barshaa South Third, Arjan",2,3,1955,Duplex,Off-Plan,Khalid Khan,+971509026757,marketing@apilproperties.com
NAS 3 | 2 BR Apartment,1900000,"Dubai, Al Barshaa South Third, Arjan",2,3,1325,Apartment,Off-Plan,Khalid Khan,+971509026757,marketing@apilproperties.com
NAS 3 | 1 BR Apartment,1200000,"Dubai, Al Barshaa South Third, Arjan",1,2,892,Apartment,Off-Plan,Khalid Khan,+971509026757,marketing@apilproperties.com
NAS 3 | Studio Apartment,636000,"Dubai, Al Barshaa South Third, Arjan",Studio,1,454,Apartment,Off-Plan,Khalid Khan,+971509026757,marketing@apilproperties.com
Gharbi 1 Residences | 2 BR Apartment,2049320,"Dubai, Al Barshaa South Third, Arjan",2,3,2069,Apartment,Off-Plan,Khalid Khan,+971509026757,marketing@apilproperties.com
Gharbi 1 Residences | 1 BR Apartment,1150980,"Dubai, Al Barshaa South Third, Arjan",1,2,878,Apartment,Off-Plan,Khalid Khan,+971509026757,marketing@apilproperties.com
Gharbi 1 Residences | Studio Apartment,801172,"Dubai, Al Barshaa South Third, Arjan",Studio,1,562,Apartment,Off-Plan,Khalid Khan,+971509026757,marketing@apilproperties.com
Trinity | 3 BR Apartment,1952270,"Dubai, Al Barshaa South Third, Arjan",3,4,1394,Apartment,Off-Plan,Khalid Khan,+971509026757,marketing@apilproperties.com
Trinity | 2 BR Apartment,1716860,"Dubai, Al Barshaa South Third, Arjan",2,3,1876,Apartment,Off-Plan,Khalid Khan,+971509026757,marketing@apilproperties.com
Trinity | 1 BR Apartment,1164820,"Dubai, Al Barshaa South Third, Arjan",1,2,764,Apartment,Off-Plan,Khalid Khan,+971509026757,marketing@apilproperties.com
One Beverly  | 2 br  Apartment,1300000,"Dubai, Al Barshaa South Third, Arjan",2,3,1299,Apartment,Off-Plan,Khalid Khan,+971509026757,marketing@apilproperties.com
One Beverly | 1 BR Apartment,866000,"Dubai, Al Barshaa South Third, Arjan",1,2,800,Apartment,Off-Plan,Khalid Khan,+971509026757,marketing@apilproperties.com
One Beverly | Studio Apartment,675000,"Dubai, Al Barshaa South Third, Arjan",Studio,1,388,Apartment,Off-Plan,Khalid Khan,+971509026757,marketing@apilproperties.com
Beverly Boulevard | 2 BR Apartment,1300000,"Dubai, Al Barshaa South Third, Arjan",2,3,1299,Apartment,Off-Plan,Khalid Khan,+971509026757,marketing@apilproperties.com
Beverly Boulevard | 1 BR Apartment,866000,"Dubai, Al Barshaa South Third, Arjan",1,2,800,Apartment,Off-Plan,Khalid Khan,+971509026757,marketing@apilproperties.com
Beverly Boulevard | Studio Apartment,537000,"Dubai, Al Barshaa South Third, Arjan",Studio,1,403,Apartment,Off-Plan,Khalid Khan,+971509026757,marketing@apilproperties.com
The Central Downtown | 3 BR Apartment,2812890,"Dubai, Al Barshaa South Third, Arjan",3,4,2180,Apartment,Off-Plan,Khalid Khan,+971509026757,marketing@apilproperties.com
The Central Downtown | 2 BR Apartment,1957890,"Dubai, Al Barshaa South Third, Arjan",2,3,1324,Apartment,Off-Plan,Khalid Khan,+971509026757,marketing@apilproperties.com
The Central Downtown | 1 BR Apartment,2380890,"Dubai, Al Barshaa South Third, Arjan",1,2,1845,Apartment,Off-Plan,Khalid Khan,+971509026757,marketing@apilproperties.com
The Central Downtown | Studio Apartment,842888,"Dubai, Al Barshaa South Third, Arjan",Studio,1,478,Apartment,Off-Plan,Khalid Khan,+971509026757,marketing@apilproperties.com
Avelon Boulevard | 2 BR Apartment,1795000,"Dubai, Al Barshaa South Third, Arjan",2,3,1564,Apartment,Off-Plan,Khalid Khan,+971509026757,marketing@apilproperties.com
Avelon Boulevard | 1 BR Apartment,1198000,"Dubai, Al Barshaa South Third, Arjan",1,2,870,Apartment,Off-Plan,Khalid Khan,+971509026757,marketing@apilproperties.com
Avelon Boulevard | Studio Apartment,705500,"Dubai, Al Barshaa South Third, Arjan",Studio,1,435,Apartment,Off-Plan,Khalid Khan,+971509026757,marketing@apilproperties.com
Six Senses Residences | 5 BR Duplex Apartment,119988000,"Dubai, Marsa Dubai, Dubai Marina",5,6,14102,Duplex,Off-Plan,Khalid Khan,+971509026757,marketing@apilproperties.com
Six Senses Residences | 4 BR Duplex Apartment,66203000,"Dubai, Marsa Dubai, Dubai Marina",4,5,9465,Duplex,Off-Plan,Khalid Khan,+971509026757,marketing@apilproperties.com
Six Senses Residences | 4 BR Apartment,8677000,"Dubai, Marsa Dubai, Dubai Marina",4,5,3318,Apartment,Off-Plan,Khalid Khan,+971509026757,marketing@apilproperties.com
Six Senses Residences | 3 BR Apartment,8789000,"Dubai, Marsa Dubai, Dubai Marina",3,4,3406,Apartment,Off-Plan,Khalid Khan,+971509026757,marketing@apilproperties.com
Six Senses Residences | 2 BR Apartment,7358000,"Dubai, Marsa Dubai, Dubai Marina",2,3,1977,Apartment,Off-Plan,Khalid Khan,+971509026757,marketing@apilproperties.com
Habtoor Grand Residences | 4 BR Penthouse,60000000,"Dubai, Marsa Dubai, Dubai Marina",4,5,6330,Penthouse,Off-Plan,Khalid Khan,+971509026757,marketing@apilproperties.com
Habtoor Grand Residences | 4 BR Townhouses,23694800,"Dubai, Marsa Dubai, Dubai Marina",4,5,4592,Townhouse,Off-Plan,Khalid Khan,+971509026757,marketing@apilproperties.com
Habtoor Grand Residences | 3 BR Townhouses,17590100,"Dubai, Marsa Dubai, Dubai Marina",3,4,4258,Townhouse,Off-Plan,Khalid Khan,+971509026757,marketing@apilproperties.com
Habtoor Grand Residences | 4 BR Apartment,20839300,"Dubai, Marsa Dubai, Dubai Marina",4,5,4115,Apartment,Off-Plan,Khalid Khan,+971509026757,marketing@apilproperties.com
Habtoor Grand Residences | 3 BR Apartment,13937900,"Dubai, Marsa Dubai, Dubai Marina",3,4,2844,Apartment,Off-Plan,Khalid Khan,+971509026757,marketing@apilproperties.com
Habtoor Grand Residences | 2 BR Apartment,11091600,"Dubai, Marsa Dubai, Dubai Marina",2,3,2101,Apartment,Off-Plan,Khalid Khan,+971509026757,marketing@apilproperties.com
Franck Muller Aeternitas Tower | 4 BR Apartment,16100000,"Dubai, Marsa Dubai, Dubai Marina",4,5,5434,Apartment,Off-Plan,Khalid Khan,+971509026757,marketing@apilproperties.com
Franck Muller Aeternitas Tower | 3 BR Apartment,5500000,"Dubai, Marsa Dubai, Dubai Marina",3,4,2302,Apartment,Off-Plan,Khalid Khan,+971509026757,marketing@apilproperties.com
Franck Muller Aeternitas Tower | 2 BR Apartment,3500000,"Dubai, Marsa Dubai, Dubai Marina",2,3,1511,Apartment,Off-Plan,Khalid Khan,+971509026757,marketing@apilproperties.com
Franck Muller Aeternitas Tower | 1 BR Apartment,2000000,"Dubai, Marsa Dubai, Dubai Marina",1,2,872,Apartment,Off-Plan,Khalid Khan,+971509026757,marketing@apilproperties.com
Liv Residence | 3 BR Apartment,5500000,"Dubai, Marsa Dubai, Dubai Marina",3,4,1764,Apartment,Sale,Khalid Khan,+971509026757,marketing@apilproperties.com
Liv Residence | 2 BR Apartment,4900000,"Dubai, Marsa Dubai, Dubai Marina",2,3,1767,Apartment,Sale,Khalid Khan,+971509026757,marketing@apilproperties.com
Liv Residence | 1 Br Apartment,2500000,"Dubai, Marsa Dubai, Dubai Marina",1,2,919,Apartment,Sale,Khalid Khan,+971509026757,marketing@apilproperties.com
Liv Residence | Studio Apartment,1650000,"Dubai, Marsa Dubai, Dubai Marina",Studio,1,521,Apartment,Sale,Khalid Khan,+971509026757,marketing@apilproperties.com
Marina Shores | 5 BR penthouse,21000000,"Dubai, Marsa Dubai, Dubai Marina",5,6,8160,Penthouse,Off-Plan,Khalid Khan,+971509026757,marketing@apilproperties.com
Marina Shores | 4 BR Apartment,6800000,"Dubai, Marsa Dubai, Dubai Marina",4,5,2410,Apartment,Off-Plan,Khalid Khan,+971509026757,marketing@apilproperties.com
Marina Shores | 3 BR Apartment,3400000,"Dubai, Marsa Dubai, Dubai Marina",3,4,1848,Apartment,Off-Plan,Khalid Khan,+971509026757,marketing@apilproperties.com
Marina Shores | 2 BR Apartment,2600000,"Dubai, Marsa Dubai, Dubai Marina",2,3,1220,Apartment,Off-Plan,Khalid Khan,+971509026757,marketing@apilproperties.com
Marina Shores | 1 BR Apartment,1500000,"Dubai, Marsa Dubai, Dubai Marina",1,2,750,Apartment,Off-Plan,Khalid Khan,+971509026757,marketing@apilproperties.com
SLS Dubai Hotels and Residences | 2-Bedroom Apartment,7462760,"Dubai, Al Khaleej Al Tejari, downtown",2,3,1864,Apartment,Sale,Khalid Khan,+971509026757,marketing@apilproperties.com
jumeirah living marina gate | 5br Villas,18650000,"Dubai, Marsa Dubai, Dubai Marina",5,6,3961,Villa,Sale,Khalid Khan,+971509026757,marketing@apilproperties.com
jumeirah living marina gate | 2br Villas,10800000,"Dubai, Marsa Dubai, Dubai Marina",2,3,2549,Villa,Sale,Khalid Khan,+971509026757,marketing@apilproperties.com
SLS Dubai Hotels and Residences  | 1 bedroom  duplex  apartment,3465820,"Dubai, Al Khaleej Al Tejari, downtown",1,2,1163,Duplex,Sale,Khalid Khan,+971509026757,marketing@apilproperties.com
SLS Dubai Hotels and Residences  | 1 bedroom apartment,3955410,"Dubai, Al Khaleej Al Tejari, downtown",1,2,1084,Apartment,Sale,Khalid Khan,+971509026757,marketing@apilproperties.com
SLS Dubai Hotels and Residences  | studio apartment,1575000,"Dubai, Al Khaleej Al Tejari, downtown",Studio,1,650,Apartment,Sale,Khalid Khan,+971509026757,marketing@apilproperties.com
jumeirah living marina gate | 3br Apartment,8370000,"Dubai, Marsa Dubai, Dubai Marina",3,4,2130,Apartment,Sale,Khalid Khan,+971509026757,marketing@apilproperties.com
jumeirah living marina gate | 2br Apartment,4200000,"Dubai, Marsa Dubai, Dubai Marina",2,3,1422,Duplex,Sale,Khalid Khan,+971509026757,marketing@apilproperties.com
Jumeirah Living Marina Gate | 1 BR Apartment,2590000,"Dubai, Marsa Dubai, Dubai Marina",1,2,791,Apartment,Sale,Khalid Khan,+971509026757,marketing@apilproperties.com
Jumeirah Living Marina Gate | Studio Apartment | Dubai Marina,2270000,"Dubai, Marsa Dubai, Dubai Marina",Studio,1,612,Apartment,Sale,Khalid Khan,+971509026757,marketing@apilproperties.com
Kempinski Marina Residences | 5BR Duplex Apartment,33599100,"Dubai, Marsa Dubai, Dubai Marina",5,6,12634,Duplex,Off-Plan,Khalid Khan,+971509026757,marketing@apilproperties.com
Kempinski Marina Residences | 4BR Duplex Apartment,17117500,"Dubai, Marsa Dubai, Dubai Marina",4,5,6519,Duplex,Off-Plan,Khalid Khan,+971509026757,marketing@apilproperties.com
Kempinski Marina Residences | 3BR Duplex Apartment,8035000,"Dubai, Marsa Dubai, Dubai Marina",3,4,3049,Duplex,Off-Plan,Khalid Khan,+971509026757,marketing@apilproperties.com
Kempinski Marina Residences | 2BR Duplex Apartment,4865640,"Dubai, Marsa Dubai, Dubai Marina",2,3,2042,Duplex,Off-Plan,Khalid Khan,+971509026757,marketing@apilproperties.com
Kempinski Marina Residences | 2BR Apartment,5000000,"Dubai, Marsa Dubai, Dubai Marina",2,3,2042,Apartment,Off-Plan,Khalid Khan,+971509026757,marketing@apilproperties.com
Kempinski Marina Residences | 1BR Apartment,2700000,"Dubai, Marsa Dubai, Dubai Marina",1,2,1173,Apartment,Off-Plan,Khalid Khan,+971509026757,marketing@apilproperties.com
Marina Living | 2BR Apartment,2500000,"Dubai, Marsa Dubai, Dubai Marina",2,3,1130,Apartment,Off-Plan,Khalid Khan,+971509026757,marketing@apilproperties.com
Marina Living | 1BR Apartment,1700000,"Dubai, Marsa Dubai, Dubai Marina",1,2,721,Apartment,Off-Plan,Khalid Khan,+971509026757,marketing@apilproperties.com
Marina Star | 5BR Penthouse,4700000,"Dubai, Marsa Dubai, Dubai Marina",5,6,6780,Penthouse,Sale,Khalid Khan,+971509026757,marketing@apilproperties.com
Marina Star | 4BR Penthouse,30267800,"Dubai, Marsa Dubai, Dubai Marina",4,5,6054,Penthouse,Sale,Khalid Khan,+971509026757,marketing@apilproperties.com
Marina Star | 3BR Duplex Apartment,11000000,"Dubai, Marsa Dubai, Dubai Marina",3,4,2497,Duplex,Sale,Khalid Khan,+971509026757,marketing@apilproperties.com
Marina Star | 2BR Duplex Apartment,807000,"Dubai, Marsa Dubai, Dubai Marina",2,3,2463,Duplex,Sale,Khalid Khan,+971509026757,marketing@apilproperties.com
Marina Star | 2BR Apartment,2800000,"Dubai, Marsa Dubai, Dubai Marina",2,3,1111,Apartment,Sale,Khalid Khan,+971509026757,marketing@apilproperties.com
Marina Star | 1BR Apartment,2276190,"Dubai, Marsa Dubai, Dubai Marina",1,2,841,Apartment,Sale,Khalid Khan,+971509026757,marketing@apilproperties.com
Marina Star | Studio Apartment,1943600,"Dubai, Marsa Dubai, Dubai Marina",Studio,1,505,Apartment,Sale,Khalid Khan,+971509026757,marketing@apilproperties.com
Vida Dubai Marina | 4BR Apartment,9000000,"Dubai, Marsa Dubai, Dubai Marina",4,5,2307,Apartment,Off-Plan,Khalid Khan,+971509026757,marketing@apilproperties.com
Vida Dubai Marina | 3BR Apartment,5899500,"Dubai, Marsa Dubai, Dubai Marina",3,4,1655,Apartment,Off-Plan,Khalid Khan,+971509026757,marketing@apilproperties.com
Vida Dubai Marina | 2 BR Apartment,7140000,"Dubai, Marsa Dubai, Dubai Marina",2,3,1577,Apartment,Off-Plan,Khalid Khan,+971509026757,marketing@apilproperties.com
Vida Dubai Marina | 1 BR Apartment,2350000,"Dubai, Marsa Dubai, Dubai Marina",1,2,746,Apartment,Off-Plan,Khalid Khan,+971509026757,marketing@apilproperties.com
Marina Cove | 4 BR Apartment,6670890,"Dubai, Marsa Dubai, Dubai Marina",4,5,2404,Apartment,Off-Plan,Khalid Khan,+971509026757,marketing@apilproperties.com
Marina Cove | 3 BR Apartment,4580000,"Dubai, Marsa Dubai, Dubai Marina",3,4,1990,Apartment,Off-Plan,Khalid Khan,+971509026757,marketing@apilproperties.com
Marina Cove | 2 BR Apartment,3108890,"Dubai, Marsa Dubai, Dubai Marina",2,3,1404,Apartment,Off-Plan,Khalid Khan,+971509026757,marketing@apilproperties.com
Marina Cove | 1 BR Apartment,2030000,"Dubai, Marsa Dubai, Dubai Marina",1,2,970,Apartment,Off-Plan,Khalid Khan,+971509026757,marketing@apilproperties.com
LIV Waterside | 4 BR Villa,25999500,"Dubai, Marsa Dubai, Dubai Marina",4,5,6477,Villa,Off-Plan,Khalid Khan,+971509026757,marketing@apilproperties.com
LIV Waterside | 3 BR Penthouse,15649500,"Dubai, Marsa Dubai, Dubai Marina",3,4,4523,Penthouse,Off-Plan,Khalid Khan,+971509026757,marketing@apilproperties.com
LIV Waterside | 2 BR Townhouse,11699500,"Dubai, Marsa Dubai, Dubai Marina",2,3,3607,Townhouse,Off-Plan,Khalid Khan,+971509026757,marketing@apilproperties.com
LIV Marina | 4 BR Penthouse,27700000,"Dubai, Marsa Dubai, Dubai Marina",4,5,6845,Penthouse,Off-Plan,Khalid Khan,+971509026757,marketing@apilproperties.com
LIV Marina | 3 BR Apartment,8500000,"Dubai, Marsa Dubai, Dubai Marina",3,4,2575,Apartment,Off-Plan,Khalid Khan,+971509026757,marketing@apilproperties.com
LIV Marina | 2 BR Apartment,5200000,"Dubai, Marsa Dubai, Dubai Marina",2,3,1547,Apartment,Off-Plan,Khalid Khan,+971509026757,marketing@apilproperties.com
LIV Marina | 1 BR Apartment,2899550,"Dubai, Marsa Dubai, Dubai Marina",1,2,817,Apartment,Off-Plan,Khalid Khan,+971509026757,marketing@apilproperties.com
LIV Marina | Studio Apartment,1800000,"Dubai, Marsa Dubai, Dubai Marina",Studio,1,514,Apartment,Off-Plan,Khalid Khan,+971509026757,marketing@apilproperties.com
LIV Lux | 5 BR Penthouse,67999600,"Dubai, Marsa Dubai, Dubai Marina",5,6,15270,Penthouse,Off-Plan,Khalid Khan,+971509026757,marketing@apilproperties.com
LIV Lux | 4 BR Penthouse,23999500,"Dubai, Marsa Dubai, Dubai Marina",4,5,7270,Penthouse,Off-Plan,Khalid Khan,+971509026757,marketing@apilproperties.com
LIV Lux | 4 BR Apartment,23999500,"Dubai, Marsa Dubai, Dubai Marina",4,5,7270,Apartment,Off-Plan,Khalid Khan,+971509026757,marketing@apilproperties.com
LIV Lux | 3 BR Apartment,9900000,"Dubai, Marsa Dubai, Dubai Marina",3,4,2530,Apartment,Off-Plan,Khalid Khan,+971509026757,marketing@apilproperties.com
LIV Lux | 2 Bedroom Apartment,4800000,"Dubai, Marsa Dubai, Dubai Marina",2,3,1545,Apartment,Off-Plan,Khalid Khan,+971509026757,marketing@apilproperties.com
LIV Lux | 1 BR Apartment,2899550,"Dubai, Marsa Dubai, Dubai Marina",1,2,833,Apartment,Off-Plan,Khalid Khan,+971509026757,marketing@apilproperties.com
Society House  |  3 bedroom penthouses,16827600,"Dubai, Burj Khalifa, downtown",3,4,4454,Penthouse,Off-Plan,Khalid Khan,+971509026757,marketing@apilproperties.com
Pelagos by IGO | 2 Bedroom Apartment,3200000,"Dubai, Marsa Dubai, Dubai Marina",2,3,1491,Apartment,Off-Plan,Khalid Khan,+971509026757,marketing@apilproperties.com
Pelagos by IGO | 1 BR Apartment,2100000,"Dubai, Marsa Dubai, Dubai Marina",1,2,758,Apartment,Off-Plan,Khalid Khan,+971509026757,marketing@apilproperties.com
Society House  |  3 bedroom apartment,16827600,"Dubai, Burj Khalifa, downtown",3,4,4455,Apartment,Off-Plan,Khalid Khan,+971509026757,marketing@apilproperties.com
Pelagos by IGO | Studio BR Apartment,1200000,"Dubai, Marsa Dubai, Dubai Marina",Studio,1,380,Apartment,Off-Plan,Khalid Khan,+971509026757,marketing@apilproperties.com
Society House  |  2  bedroom apartment,4343680,"Dubai, Burj Khalifa, downtown",2,3,1165,Apartment,Off-Plan,Khalid Khan,+971509026757,marketing@apilproperties.com
Society House  |  1 bedroom apartment,2410880,"Dubai, Burj Khalifa, downtown",1,2,741,Apartment,Off-Plan,Khalid Khan,+971509026757,marketing@apilproperties.com
Society House  |  studio  apartment,1200000,"Dubai, Burj Khalifa, downtown",Studio,1,370,Apartment,Off-Plan,Khalid Khan,+971509026757,marketing@apilproperties.com
One Residence  |  4 bedroom apartment,11000000,"Dubai, Burj Khalifa, downtown",4,5,2393,Apartment,Off-Plan,Khalid Khan,+971509026757,marketing@apilproperties.com
One Residence  |  3 bedroom apartment,8950000,"Dubai, Burj Khalifa, downtown",3,4,2074,Apartment,Off-Plan,Khalid Khan,+971509026757,marketing@apilproperties.com
One Residence  |  2 bedroom apartment,3410000,"Dubai, Burj Khalifa, downtown",2,3,1053,Apartment,Off-Plan,Khalid Khan,+971509026757,marketing@apilproperties.com
One Residence  |  1 bedroom apartment,2350000,"Dubai, Burj Khalifa, downtown",1,2,752,Apartment,Off-Plan,Khalid Khan,+971509026757,marketing@apilproperties.com
One Residence  |  studio  apartment,1520000,"Dubai, Burj Khalifa, downtown",Studio,1,470,Apartment,Off-Plan,Khalid Khan,+971509026757,marketing@apilproperties.com
St. Regis Residences  |  5  bedroom penthouses,,"Dubai, Burj Khalifa, downtown",5,6,,Penthouse,Off-Plan,Khalid Khan,+971509026757,marketing@apilproperties.com
St. Regis Residences  |  4 bedroom apartment,,"Dubai, Burj Khalifa, downtown",4,5,,Apartment,Sale,Khalid Khan,+971509026757,marketing@apilproperties.com
St. Regis Residences  |  3  bedroom apartment,6100000,"Dubai, Burj Khalifa, downtown",3,4,1663,Apartment,Off-Plan,Khalid Khan,+971509026757,marketing@apilproperties.com
St. Regis Residences  |  2  bedroom apartment,3900000,"Dubai, Burj Khalifa, downtown",2,3,1070,Apartment,Off-Plan,Khalid Khan,+971509026757,marketing@apilproperties.com
St. Regis Residences  |  1  bedroom apartment,2600000,"Dubai, Burj Khalifa, downtown",1,2,729,Apartment,Off-Plan,Khalid Khan,+971509026757,marketing@apilproperties.com
Rixos Residences  |  4  bedroom penthouses,28847000,"Dubai, Burj Khalifa, downtown",4,6,6982,Penthouse,Off-Plan,Khalid Khan,+971509026757,marketing@apilproperties.com
Rixos Residences  |  2  bedroom apartment,6235000,"Dubai, Burj Khalifa, downtown",2,3,1609,Apartment,Off-Plan,Khalid Khan,+971509026757,marketing@apilproperties.com
Rixos Residences  |  1  bedroom apartment,4019000,"Dubai, Burj Khalifa, downtown",1,2,1174,Apartment,Off-Plan,Khalid Khan,+971509026757,marketing@apilproperties.com
Franck Muller Vanguard | 3 Bedroom  Apartment,4230890,"Dubai, Marsa Dubai, Dubai Marina",3,4,1768,Apartment,Off-Plan,Khalid Khan,+971509026757,marketing@apilproperties.com
Franck Muller Vanguard | 2 Bedroom Apartment,2360890,"Dubai, Marsa Dubai, Dubai Marina",2,3,1050,Apartment,Off-Plan,Khalid Khan,+971509026757,marketing@apilproperties.com
Franck Muller Vanguard | 1 Bedroom Apartment,2000000,"Dubai, Al khairan first, Dubai Marina",1,2,1152,Apartment,Off-Plan,Khalid Khan,+971509026757,marketing@apilproperties.com
Franck Muller Vanguard | Studio Apartment | Dubai Marina,1300000,"Dubai, Marsa Dubai, Dubai Marina",Studio,1,470,Apartment,Off-Plan,Khalid Khan,+971509026757,marketing@apilproperties.com
Marina Arcade Tower | 4 BR Penthouse,6500000,"Dubai, Marsa Dubai, Dubai Marina",4,5,5056,Penthouse,Off-Plan,Khalid Khan,+971509026757,marketing@apilproperties.com
Marina Arcade Tower | 3 Bedroom Duplex Apartment,4994020,"Dubai, Marsa Dubai, Dubai Marina",3,4,2497,Apartment,Off-Plan,Khalid Khan,+971509026757,marketing@apilproperties.com
Marina Arcade Tower | 3 Bedroom Apartment,6061900,"Dubai, Marsa Dubai, Dubai Marina",3,4,3030,Apartment,Off-Plan,Khalid Khan,+971509026757,marketing@apilproperties.com
Marina Arcade Tower | 2 BR Apartment,2550000,"Dubai, Marsa Dubai, Dubai Marina",2,3,1598,Apartment,Off-Plan,Khalid Khan,+971509026757,marketing@apilproperties.com
Marina Arcade Tower | 1 BR Apartment,2349500,"Dubai, Marsa Dubai, Dubai Marina",1,2,1531,Apartment,Off-Plan,Khalid Khan,+971509026757,marketing@apilproperties.com
Sobha SeaHeaven | 6 Bedroom Penthouse,105331000,"Dubai, Marsa Dubai, Dubai Marina",6,7,16205,Penthouse,Off-Plan,Khalid Khan,+971509026757,marketing@apilproperties.com
Sobha SeaHeaven | 5 BR Penthouse,51188400,"Dubai, Marsa Dubai, Dubai Marina",5,6,7815,Penthouse,Off-Plan,Khalid Khan,+971509026757,marketing@apilproperties.com
Sobha SeaHeaven | 4 Bedroom Penthouse,22240800,"Dubai, Marsa Dubai, Dubai Marina",4,5,4044,Penthouse,Off-Plan,Khalid Khan,+971509026757,marketing@apilproperties.com
Sobha SeaHeaven | 3 Bedroom Penthouse,27482400,"Dubai, Marsa Dubai, Dubai Marina",3,4,4186,Penthouse,Off-Plan,Khalid Khan,+971509026757,marketing@apilproperties.com
Sobha SeaHeaven | 3 Bedroom Apartment,9514170,"Dubai, Marsa Dubai, Dubai Marina",3,4,2440,Apartment,Off-Plan,Khalid Khan,+971509026757,marketing@apilproperties.com
Sobha SeaHeaven | 2 Bedroom  Apartment,6349940,"Dubai, Marsa Dubai, Dubai Marina",2,3,1716,Apartment,Off-Plan,Khalid Khan,+971509026757,marketing@apilproperties.com
Sobha SeaHeaven | 1.5 Bedroom  Apartment + Study,4719790,"Dubai, Marsa Dubai, Dubai Marina",1.5,2,1242,Apartment,Off-Plan,Khalid Khan,+971509026757,marketing@apilproperties.com
Sobha SeaHeaven | 1 Bedroom  Apartment,4519120,"Dubai, Marsa Dubai, Dubai Marina",1,2,1130,Apartment,Off-Plan,Khalid Khan,+971509026757,marketing@apilproperties.com
Creek Waters | 5 Bedroom Penthouse,1600000,"Dubai, Al khairan first, Dubai Creek Harbour",5,6,8196,Penthouse,Off-Plan,Khalid Khan,+971509026757,marketing@apilproperties.com
Creek Waters | 3 Bedroom Townhouse,1600000,"Dubai, Al khairan first, Dubai Creek Harbour",3,4,2921,Townhouse,Off-Plan,Khalid Khan,+971509026757,marketing@apilproperties.com
Valo | 3 BR Townhouses,4957890,"Dubai, Al khairan first, Dubai Creek Harbour",3,4,2041,Townhouse,Off-Plan,Khalid Khan,+971509026757,marketing@apilproperties.com
Oria | 3 BR Apartment,4024900,"Dubai, Al khairan first, Dubai Creek Harbour",3,4,1659,Apartment,Off-Plan,Khalid Khan,+971509026757,marketing@apilproperties.com
Oria | 2 BR Apartment,2828780,"Dubai, Al khairan first, Dubai Creek Harbour",2,3,1289,Apartment,Off-Plan,Khalid Khan,+971509026757,marketing@apilproperties.com
Oria | 1 BR Apartment | Dubai Creek Harbour,1700000,"Dubai, Al khairan first, Dubai Creek Harbour",1,2,750,Apartment,Off-Plan,Khalid Khan,+971509026757,marketing@apilproperties.com
AEON | 3 Bedroom Apartments,3600000,"Dubai, Al khairan first, Dubai Creek Harbour",3,4,1672,Apartment,Off-Plan,Khalid Khan,+971509026757,marketing@apilproperties.com
AEON | 2 Bedroom  Apartments,2600000,"Dubai, Al khairan first, Dubai Creek Harbour",2,3,1241,Apartment,Off-Plan,Khalid Khan,+971509026757,marketing@apilproperties.com
AEON | 1 Bedroom  Apartments | Dubai Creek Harbour,1700000,"Dubai, Al khairan first, Dubai Creek Harbour",1,2,763,Apartment,Off-Plan,Khalid Khan,+971509026757,marketing@apilproperties.com
Mercedes-Benz Places |  4  bedroom penthouses,35300000,"Dubai, Burj Khalifa, downtown",4,5,3662,Penthouse,Off-Plan,Khalid Khan,+971509026757,marketing@apilproperties.com
Mercedes-Benz Places |  3  bedroom apartment,20000000,"Dubai, Burj Khalifa, downtown",3,4,2619,Apartment,Off-Plan,Khalid Khan,+971509026757,marketing@apilproperties.com
Mercedes-Benz Places |  2  bedroom apartment,10300000,"Dubai, Burj Khalifa, downtown",2,3,1836,Apartment,Off-Plan,Khalid Khan,+971509026757,marketing@apilproperties.com
Creek Waters | 4 Bedroom Apartment,6300000,"Dubai, Al khairan first, Dubai Creek Harbour",4,5,2797,Apartment,Off-Plan,Khalid Khan,+971509026757,marketing@apilproperties.com
Creek Waters | 3 Bedroom Apartment,3000000,"Dubai, Al khairan first, Dubai Creek Harbour",3,4,1551,Apartment,Off-Plan,Khalid Khan,+971509026757,marketing@apilproperties.com
Creek Waters | 2 Bedroom Apartment,2200000,"Dubai, Al khairan first, Dubai Creek Harbour",2,3,1286,Apartment,Off-Plan,Khalid Khan,+971509026757,marketing@apilproperties.com
Creek Waters | 1 Bedroom Apartment,1600000,"Dubai, Al khairan first, Dubai Creek Harbour",1,2,753,Apartment,Off-Plan,Khalid Khan,+971509026757,marketing@apilproperties.com
Rouge by Baccarat |  4  bedroom apartment,32208900,"Dubai, Burj Khalifa, downtown",4,5,4782,Apartment,Off-Plan,Khalid Khan,+971509026757,marketing@apilproperties.com
Rouge by Baccarat |  3  bedroom apartment,20155600,"Dubai, Burj Khalifa, downtown",3,4,4082,Apartment,Off-Plan,Khalid Khan,+971509026757,marketing@apilproperties.com
Fairmont Residences Solara Tower | 5 bedroom penthouses,114589000,"Dubai, Burj Khalifa, downtown",5,6,19277,Penthouse,Off-Plan,Khalid Khan,+971509026757,marketing@apilproperties.com
Valo | 3 BR Apartment,4130000,"Dubai, Al khairan first, Dubai Creek Harbour",3,4,1786,Apartment,Off-Plan,Khalid Khan,+971509026757,marketing@apilproperties.com
Valo | 2 BR Apartment,2620000,"Dubai, Al khairan first, Dubai Creek Harbour",2,3,1084,Apartment,Off-Plan,Khalid Khan,+971509026757,marketing@apilproperties.com
Valo | 1 BR Apartment,1800000,"Dubai, Al khairan first, Dubai Creek Harbour",1,2,751,Apartment,Off-Plan,Khalid Khan,+971509026757,marketing@apilproperties.com
Fairmont Residences Solara Tower | 4 bedroom apartment,15121000,"Dubai, Burj Khalifa, downtown",4,5,3754,Apartment,Off-Plan,Khalid Khan,+971509026757,marketing@apilproperties.com
Fairmont Residences Solara Tower | 3 bedroom apartment,8544600,"Dubai, Burj Khalifa, downtown",3,4,2562,Apartment,Off-Plan,Khalid Khan,+971509026757,marketing@apilproperties.com
Fairmont Residences Solara Tower | 2 bedroom apartment,5035500,"Dubai, Burj Khalifa, downtown",2,3,1734,Apartment,Off-Plan,Khalid Khan,+971509026757,marketing@apilproperties.com
Fairmont Residences Solara Tower | 1 bedroom apartment,2946000,"Dubai, Burj Khalifa, downtown",1,2,995,Apartment,Off-Plan,Khalid Khan,+971509026757,marketing@apilproperties.com
Creek Waters | 4 BR Penthouse | Dubai Creek Harbour,6900000,"Dubai, Al khairan first, Dubai Creek Harbour",4,5,2804,Penthouse,Off-Plan,Khalid Khan,+971509026757,marketing@apilproperties.com
CREEKSIDE 18 | 3 Bedroom Penthouse | Dubai Creek Harbour,7500000,"Dubai, Al khairan first, Dubai Creek Harbour",3,4,2640,Penthouse,Sale,Khalid Khan,+971509026757,marketing@apilproperties.com
Opera Grand | 4 bedroom apartment,890000,"Dubai, Burj Khalifa, downtown",4,5,3056,Apartment,Sale,Khalid Khan,+971509026757,marketing@apilproperties.com
Opera Grand | 3 bedroom apartment,549999,"Dubai, Burj Khalifa, downtown",3,4,2506,Apartment,Sale,Khalid Khan,+971509026757,marketing@apilproperties.com
Opera Grand | 2 bedroom apartment,280000,"Dubai, Burj Khalifa, downtown",2,3,1717,Apartment,Sale,Khalid Khan,+971509026757,marketing@apilproperties.com
Opera Grand | 1 bedroom apartment,150000,"Dubai, Burj Khalifa, downtown",1,2,741,Apartment,Sale,Khalid Khan,+971509026757,marketing@apilproperties.com
Volta | 4 bedroom apartment,6600000,"Dubai, Burj Khalifa, downtown",4,5,2167,Apartment,Off-Plan,Khalid Khan,+971509026757,marketing@apilproperties.com
Volta | 3 bedroom apartment,5400000,"Dubai, Burj Khalifa, downtown",3,4,1785,Apartment,Off-Plan,Khalid Khan,+971509026757,marketing@apilproperties.com
Volta | 2 bedroom apartment,3600000,"Dubai, Burj Khalifa, downtown",2,3,1469,Apartment,Off-Plan,Khalid Khan,+971509026757,marketing@apilproperties.com
Volta | 1 bedroom apartment,2500000,"Dubai, Burj Khalifa, downtown",1,2,1073,Apartment,Off-Plan,Khalid Khan,+971509026757,marketing@apilproperties.com
Creek Rise Tower 1 | 4 Bedroom Townhouses,9800000,"Dubai, Al khairan first, Dubai Creek Harbour",4,5,2987,Townhouse,Sale,Khalid Khan,+971509026757,marketing@apilproperties.com
Creek Rise Tower 1 | 3 Bedroom Apartment,3700000,"Dubai, Al khairan first, Dubai Creek Harbour",3,4,1664,Apartment,Sale,Khalid Khan,+971509026757,marketing@apilproperties.com
Creek Rise Tower 1 | 2 Bedroom Apartment,2800000,"Dubai, Al khairan first, Dubai Creek Harbour",2,3,1108,Apartment,Sale,Khalid Khan,+971509026757,marketing@apilproperties.com
Creek Rise Tower 1 | 1 bedroom Apartment,2000000,"Dubai, Al khairan first, Dubai Creek Harbour",1,2,825,Apartment,Sale,Khalid Khan,+971509026757,marketing@apilproperties.com
Creek Edge | 3 BR Townhouses,2800000,"Dubai, Al khairan first, Dubai Creek Harbour",3,4,2720,Townhouse,Sale,Khalid Khan,+971509026757,marketing@apilproperties.com
Creek Edge | 2 BR Townhouses,1500000,"Dubai, Al khairan first, Dubai Creek Harbour",2,3,1162,Townhouse,Sale,Khalid Khan,+971509026757,marketing@apilproperties.com
Creek Edge | 3 BR Apartment,2800000,"Dubai, Al khairan first, Dubai Creek Harbour",3,4,1591,Apartment,Sale,Khalid Khan,+971509026757,marketing@apilproperties.com
Creek Edge | 2 BR Apartment,1500000,"Dubai, Al khairan first, Dubai Creek Harbour",2,3,1044,Apartment,Sale,Khalid Khan,+971509026757,marketing@apilproperties.com
Creek Edge | 1 BR Apartment,931000,"Dubai, Al khairan first, Dubai Creek Harbour",1,2,689,Apartment,Sale,Khalid Khan,+971509026757,marketing@apilproperties.com
Harbour Gate | 3 BR Apartment,3650000,"Dubai, Al khairan first, Dubai Creek Harbour",3,3,1640,Apartment,Off-Plan,Khalid Khan,+971509026757,marketing@apilproperties.com
Harbour Gate | 2 BR Apartment,2650000,"Dubai, Al khairan first, Dubai Creek Harbour",2,3,1202,Apartment,Off-Plan,Khalid Khan,+971509026757,marketing@apilproperties.com
Harbour Gate | 1 BR Apartment,1600000,"Dubai, Al khairan first, Dubai Creek Harbour",1,2,683,Apartment,Off-Plan,Khalid Khan,+971509026757,marketing@apilproperties.com
Creek Beach Orchid | 3 BR Apartment,2500000,"Dubai, Al khairan first, Dubai Creek Harbour",3,4,1514,Apartment,Off-Plan,Khalid Khan,+971509026757,marketing@apilproperties.com
Creek Beach Orchid | 2 BR Apartment,1700000,"Dubai, Al khairan first, Dubai Creek Harbour",2,3,998,Apartment,Off-Plan,Khalid Khan,+971509026757,marketing@apilproperties.com
Creek Beach Orchid | 1 BR Apartment,1100000,"Dubai, Al khairan first, Dubai Creek Harbour",1,2,679,Apartment,Off-Plan,Khalid Khan,+971509026757,marketing@apilproperties.com
The Cove | 4 Bedroom Penthouses,11500000,"Dubai, Al khairan first, Dubai Creek Harbour",4,5,4620,Penthouse,Sale,Khalid Khan,+971509026757,marketing@apilproperties.com
The Cove | 3 Bedroom Townhouses,5500000,"Dubai, Al khairan first, Dubai Creek Harbour",3,4,1898,Townhouse,Sale,Khalid Khan,+971509026757,marketing@apilproperties.com
The Cove | 3 Bedroom Apartment,6000000,"Dubai, Al khairan first, Dubai Creek Harbour",3,4,1839,Apartment,Sale,Khalid Khan,+971509026757,marketing@apilproperties.com
The Cove | 2 Bedroom Apartment,3000000,"Dubai, Al khairan first, Dubai Creek Harbour",2,3,1338,Apartment,Sale,Khalid Khan,+971509026757,marketing@apilproperties.com
The Cove | 1 Bedroom Apartment,2300000,"Dubai, Al khairan first, Dubai Creek Harbour",1,2,745,Apartment,Sale,Khalid Khan,+971509026757,marketing@apilproperties.com
The Cove II | 4 Bedroom Apartment,12430900,"Dubai, Al khairan first, Dubai Creek Harbour",4,5,4951,Apartment,Off-Plan,Khalid Khan,+971509026757,marketing@apilproperties.com
The Cove II | 3 Bedroom Apartment,6500000,"Dubai, Al khairan first, Dubai Creek Harbour",3,4,2725,Apartment,Off-Plan,Khalid Khan,+971509026757,marketing@apilproperties.com
The Cove II | 2 Bedroom Apartment,2650000,"Dubai, Al khairan first, Dubai Creek Harbour",2,3,1312,Apartment,Off-Plan,Khalid Khan,+971509026757,marketing@apilproperties.com
The Cove II | 1 Bedroom Apartment,1878000,"Dubai, Al khairan first, Dubai Creek Harbour",1,2,785,Apartment,Off-Plan,Khalid Khan,+971509026757,marketing@apilproperties.com
Bayshore at Creek Beach | 3 Bedroom Apartment,4500000,"Dubai, Al khairan first, Dubai Creek Harbour",3,4,1493,Apartment,Sale,Khalid Khan,+971509026757,marketing@apilproperties.com
Bayshore at Creek Beach | 2 Bedroom Apartment,2500000,"Dubai, Al khairan first, Dubai Creek Harbour",2,3,985,Apartment,Sale,Khalid Khan,+971509026757,marketing@apilproperties.com
Bayshore at Creek Beach | 1 Bedroom Apartment,2000000,"Dubai, Al khairan first, Dubai Creek Harbour",1,2,906,Apartment,Sale,Khalid Khan,+971509026757,marketing@apilproperties.com
Altus | 3 Bedroom Apartment,3800000,"Dubai, Al khairan first, Dubai Creek Harbour",3,3,1596,Apartment,Off-Plan,Khalid Khan,+971509026757,marketing@apilproperties.com
Altus | 2 Bedroom Apartment,2550000,"Dubai, Al khairan first, Dubai Creek Harbour",2,3,1139,Apartment,Off-Plan,Khalid Khan,+971509026757,marketing@apilproperties.com
Altus | 1 Bedroom Apartment,1866890,"Dubai, Al khairan first, Dubai Creek Harbour",1,2,765,Apartment,Off-Plan,Khalid Khan,+971509026757,marketing@apilproperties.com
Address Residences | 3 Bedroom Townhouses,7300000,"Dubai, Al khairan first, Dubai Creek Harbour",3,4,3537,Townhouse,Off-Plan,Khalid Khan,+971509026757,marketing@apilproperties.com
Address Residences | 3 Bedroom Apartment,5400000,"Dubai, Al khairan first, Dubai Creek Harbour",3,4,1894,Apartment,Off-Plan,Khalid Khan,+971509026757,marketing@apilproperties.com
Address Residences | 2 Bedroom Apartment,2600000,"Dubai, Al khairan first, Dubai Creek Harbour",2,3,1074,Apartment,Off-Plan,Khalid Khan,+971509026757,marketing@apilproperties.com
Address Residences | 1 Bedroom Apartment,2000000,"Dubai, Al khairan first, Dubai Creek Harbour",1,2,734,Apartment,Off-Plan,Khalid Khan,+971509026757,marketing@apilproperties.com
Palace Residences North | 3 Bedroom Townhouses,5000000,"Dubai, Al khairan first, Dubai Creek Harbour",3,4,1911,Townhouse,Off-Plan,Khalid Khan,+971509026757,marketing@apilproperties.com
Palace Residences North | 3 Bedroom Apartment,3200000,"Dubai, Al khairan first, Dubai Creek Harbour",3,3,1643,Apartment,Off-Plan,Khalid Khan,+971509026757,marketing@apilproperties.com
Palace Residences North | 2 Bedroom Apartment,1700000,"Dubai, Al khairan first, Dubai Creek Harbour",2,3,991,Apartment,Off-Plan,Khalid Khan,+971509026757,marketing@apilproperties.com
Palace Residences North | 1 Bedroom Apartment,1200000,"Dubai, Al khairan first, Dubai Creek Harbour",1,2,638,Apartment,Off-Plan,Khalid Khan,+971509026757,marketing@apilproperties.com
Palace Residences Creek Blue | 3 Bedroom Apartment,3450000,"Dubai, Al khairan first, Dubai Creek Harbour",3,4,1572,Apartment,Off-Plan,Khalid Khan,+971509026757,marketing@apilproperties.com
Palace Residences Creek Blue | 2 Bedroom Apartment,2360000,"Dubai, None, Dubai Creek Harbour",2,3,1005,Apartment,Off-Plan,Khalid Khan,+971509026757,marketing@apilproperties.com
Palace Residences Creek Blue | 1 Bedroom Apartment,1630000,"Dubai, Al khairan first, Dubai Creek Harbour",1,2,681,Apartment,Off-Plan,Khalid Khan,+971509026757,marketing@apilproperties.com
Savanna | 3 Bedroom Apartment,2900000,"Dubai, None, Dubai Creek Harbour",3,4,1612,Apartment,Off-Plan,Khalid Khan,+971509026757,marketing@apilproperties.com
Savanna | 2 Bedroom Apartment,1900000,"Dubai, None, Dubai Creek Harbour",2,3,1024,Apartment,Off-Plan,Khalid Khan,+971509026757,marketing@apilproperties.com
Savanna | 1 Bedroom Apartment,1200000,"Dubai, None, Dubai Creek Harbour",1,2,689,Apartment,Off-Plan,Khalid Khan,+971509026757,marketing@apilproperties.com
Cedar | 3 Bedroom Apartment,3410000,"Dubai, None, Dubai Creek Harbour",3,4,1475,Apartment,Off-Plan,Khalid Khan,+971509026757,marketing@apilproperties.com
Cedar | 2 Bedroom Apartment,2400000,"Dubai, None, Dubai Creek Harbour",2,3,1009,Apartment,Off-Plan,Khalid Khan,+971509026757,marketing@apilproperties.com
Cedar | 1 Bedroom Apartment,1598000,"Dubai, None, Dubai Creek Harbour",1,2,715,Apartment,Off-Plan,Khalid Khan,+971509026757,marketing@apilproperties.com
Mangrove | 3 Bedroom Apartment,3500000,"Dubai, None, Dubai Creek Harbour",3,4,1612,Apartment,Off-Plan,Khalid Khan,+971509026757,marketing@apilproperties.com
Mangrove | 2 Bedroom Apartment,2300000,"Dubai, None, Dubai Creek Harbour",2,3,1025,Apartment,Off-Plan,Khalid Khan,+971509026757,marketing@apilproperties.com
Mangrove | 1 Bedroom Apartment,1500000,"Dubai, None, Dubai Creek Harbour",1,2,673,Apartment,Off-Plan,Khalid Khan,+971509026757,marketing@apilproperties.com
Damac Violet | 4 Bedroom Townhouse,1956000,"Dubai, None, Damac Hills 2",4,5,2352,Townhouse,Off-Plan,Khalid Khan,+971509026757,marketing@apilproperties.com
Natura | 4 Bedroom Townhouses,1800000,"Dubai, None, Damac Hills 2",4,5,1208,Townhouse,Sale,Khalid Khan,+971509026757,marketing@apilproperties.com
Verona | 4 Bedroom Townhouses | Damac Hills 2,2100000,"Dubai, None, Damac Hills 2",4,5,2400,Townhouse,Sale,Khalid Khan,+971509026757,marketing@apilproperties.com
Camelia Villas | 4 Bedroom Townhouses,2200000,"Dubai, None, Damac Hills 2",4,5,2261,Townhouse,Sale,Khalid Khan,+971509026757,marketing@apilproperties.com
Camelia Villas | 3 Bedroom Townhouses,1750000,"Dubai, None, Damac Hills 2",3,4,1950,Townhouse,Sale,Khalid Khan,+971509026757,marketing@apilproperties.com
Amargo 2 | 3 Bedroom Townhouses,1600000,"Dubai, None, Damac Hills 2",3,4,2174,Townhouse,Sale,Khalid Khan,+971509026757,marketing@apilproperties.com
Avencia | 3 Bedroom Townhouses,1290000,"Dubai, None, Damac Hills 2",3,4,1702,Townhouse,Sale,Khalid Khan,+971509026757,marketing@apilproperties.com
Avencia | 1 Bedroom Townhouses,1150000,"Dubai, None, Damac Hills 2",1,2,1238,Townhouse,Sale,Khalid Khan,+971509026757,marketing@apilproperties.com
Just Cavalli Villas | 3 Bedroom Villas,2300000,"Dubai, None, Damac Hills 2",3,4,2648,Villa,Sale,Khalid Khan,+971509026757,marketing@apilproperties.com
Park Greens | 5 Bedroom Villas,2890000,"Dubai, None, Damac Hills 2",5,6,3542,Villa,Sale,Khalid Khan,+971509026757,marketing@apilproperties.com
Edge by Rotana | 1 Bedroom Apartment,663600,"Dubai, None, Damac Hills 2",1,2,481,Apartment,Sale,Khalid Khan,+971509026757,marketing@apilproperties.com
Edge by Rotana | Studio Apartment,529200,"Dubai, None, Damac Hills 2",Studio,1,346,Apartment,Sale,Khalid Khan,+971509026757,marketing@apilproperties.com
Evergreens | 2 Bedroom Apartment,1151000,"Dubai, None, Damac Hills 2",2,3,885,Apartment,Sale,Khalid Khan,+971509026757,marketing@apilproperties.com
Evergreens | 1 Bedroom Apartment,850000,"Dubai, None, Damac Hills 2",1,2,540,Apartment,Sale,Khalid Khan,+971509026757,marketing@apilproperties.com
ELO 2 and 3 Damac | 1 Bedroom Apartment,760000,"Dubai, None, Damac Hills 2",1,2,832,Apartment,Sale,Khalid Khan,+971509026757,marketing@apilproperties.com
ELO 2 and 3 Damac | 2 Bedroom Apartment,1218000,"Dubai, None, Damac Hills 2",2,3,952,Apartment,Sale,Khalid Khan,+971509026757,marketing@apilproperties.com
ELO | 2 Bedroom Apartment,1323000,"Dubai, None, Damac Hills 2",2,3,981,Apartment,Sale,Khalid Khan,+971509026757,marketing@apilproperties.com
ELO | 1 Bedroom Apartment,774000,"Dubai, Al Yufrah 2, Damac Hills 2",1,2,968,Apartment,Off-Plan,Khalid Khan,+971509026757,marketing@apilproperties.com
Bay Villas | 5 Bedroom Villa,15000000,"Dubai, None, Dubai Islands",5,6,7013,Villa,Sale,Khalid Khan,+971509026757,marketing@apilproperties.com
Bay Villas | 4 Bedroom Villa,10300000,"Dubai, None, Dubai Islands",4,5,6458,Villa,Sale,Khalid Khan,+971509026757,marketing@apilproperties.com
Bay Villas | 3 Bedroom Villa,5999000,"Dubai, None, Dubai Islands",3,4,4255,Villa,Sale,Khalid Khan,+971509026757,marketing@apilproperties.com
Bay Villas | 4 Bedroom Townhouses,7300000,"Dubai, None, Dubai Islands",4,5,4797,Townhouse,Sale,Khalid Khan,+971509026757,marketing@apilproperties.com
Bay Villas | 3 Bedroom Townhouses,4999900,"Dubai, None, Dubai Islands",3,4,3431,Townhouse,Sale,Khalid Khan,+971509026757,marketing@apilproperties.com
Sunset Bay One | 3 Bedroom Apartment,5512200,"Dubai, None, Dubai Islands",3,4,2286,Duplex,Sale,Khalid Khan,+971509026757,marketing@apilproperties.com
Sunset Bay One | 2 Bedroom Apartment,2609220,"Dubai, None, Dubai Islands",2,3,1165,Apartment,Sale,Khalid Khan,+971509026757,marketing@apilproperties.com
Sunset Bay One | 1 Bedroom Apartment,2124790,"Dubai, None, Dubai Islands",1,2,1007,Apartment,Sale,Khalid Khan,+971509026757,marketing@apilproperties.com
Tivano | 4 Bedroom Apartment,9700000,"Dubai, None, Dubai Islands",4,5,2904,Apartment,Sale,Khalid Khan,+971509026757,marketing@apilproperties.com
Tivano | 3 Duplex Bedroom Apartment,10000000,"Dubai, None, Dubai Islands",3,5,3695,Apartment,Sale,Khalid Khan,+971509026757,marketing@apilproperties.com
Tivano | 2 Bedroom Apartment,3500000,"Dubai, None, Dubai Islands",2,3,1319,Apartment,Sale,Khalid Khan,+971509026757,marketing@apilproperties.com
Tivano | 1 Bedroom Apartment,2300000,"Dubai, None, Dubai Islands",1,2,883,Apartment,Sale,Khalid Khan,+971509026757,marketing@apilproperties.com
Edgewater Residences | 3 Bedroom Apartment,3303670,"Dubai, None, Dubai Islands",3,4,1597,Apartment,Sale,Khalid Khan,+971509026757,marketing@apilproperties.com
Edgewater Residences | 2 Bedroom Apartment,2570800,"Dubai, None, Dubai Islands",2,3,1191,Apartment,Sale,Khalid Khan,+971509026757,marketing@apilproperties.com
Edgewater Residences | 1 Bedroom Apartment,1820740,"Dubai, None, Dubai Islands",1,2,840,Apartment,Sale,Khalid Khan,+971509026757,marketing@apilproperties.com
Ocean Pearl 1 and 2 | 4 Bedroom Apartment,4776670,"Dubai, None, Dubai Islands",4,6,1972,Apartment,Sale,Khalid Khan,+971509026757,marketing@apilproperties.com
Ocean Pearl 1 and 2 | 3 Bedroom Apartment,3998890,"Dubai, None, Dubai Islands",3,4,1559,Apartment,Sale,Khalid Khan,+971509026757,marketing@apilproperties.com
Ocean Pearl 1 and 2 | 2 Bedroom Apartment,3582220,"Dubai, None, Dubai Islands",2,3,1298,Apartment,Sale,Khalid Khan,+971509026757,marketing@apilproperties.com
Ocean Pearl 1 and 2 | 1 Bedroom Apartment,2436030,"Dubai, None, Dubai Islands",1,2,873,Apartment,Sale,Khalid Khan,+971509026757,marketing@apilproperties.com
Mackerel Tower | 4 Bedroom Penthouses,8945240,"Dubai, None, Dubai Islands",4,5,3765,Penthouse,Sale,Khalid Khan,+971509026757,marketing@apilproperties.com
Mackerel Tower | 2 Bedroom Apartment,2626270,"Dubai, None, Dubai Islands",2,3,1201,Apartment,Sale,Khalid Khan,+971509026757,marketing@apilproperties.com
Mackerel Tower | 1 Bedroom Apartment,1919900,"Dubai, None, Dubai Islands",1,2,850,Apartment,Sale,Khalid Khan,+971509026757,marketing@apilproperties.com
Haven Living | 2 Duplex Bedroom Apartment,4341000,"Dubai, None, Dubai Islands",2,3,2549,Duplex,Sale,Khalid Khan,+971509026757,marketing@apilproperties.com
Haven Living | 1 Duplex Bedroom Apartment,2911000,"Dubai, None, Dubai Islands",1,2,1663,Duplex,Sale,Khalid Khan,+971509026757,marketing@apilproperties.com
Haven Living | 4 Bedroom Apartment,7460000,"Dubai, None, Dubai Islands",4,5,6410,Apartment,Sale,Khalid Khan,+971509026757,marketing@apilproperties.com
Haven Living | 3 Bedroom Apartment,2700000,"Dubai, None, Dubai Islands",3,4,2407,Apartment,Sale,Khalid Khan,+971509026757,marketing@apilproperties.com
Haven Living | 2 Bedroom Apartment,3000000,"Dubai, None, Dubai Islands",2,3,1888,Apartment,Sale,Khalid Khan,+971509026757,marketing@apilproperties.com
Haven Living | 1 Bedroom Apartment,1799000,"Dubai, None, Dubai Islands",1,2,1132,Apartment,Sale,Khalid Khan,+971509026757,marketing@apilproperties.com
Natuzzi Harmony Residences | 3 Duplex Bedroom Apartment,8230750,"Dubai, None, Dubai Islands",3,4,2655,Duplex,Sale,Khalid Khan,+971509026757,marketing@apilproperties.com
Natuzzi Harmony Residences | 3 Bedroom Apartment,1704,"Dubai, None, Dubai Islands",3,4,4940380,Apartment,Sale,Khalid Khan,+971509026757,marketing@apilproperties.com
Natuzzi Harmony Residences | 2 Bedroom Apartment,3661630,"Dubai, None, Dubai Islands",2,3,1234,Apartment,Sale,Khalid Khan,+971509026757,marketing@apilproperties.com
Natuzzi Harmony Residences | 1 Bedroom Apartment,2630750,"Dubai, None, Dubai Islands",1,2,892,Apartment,Sale,Khalid Khan,+971509026757,marketing@apilproperties.com
Zephyra Residences | 3 Bedroom Apartment,3507720,"Dubai, None, Dubai Islands",3,4,2063,Apartment,Sale,Khalid Khan,+971509026757,marketing@apilproperties.com
Zephyra Residences | 2 Duplex Bedroom Apartment,3079100,"Dubai, None, Dubai Islands",2,3,1651,Duplex,Sale,Khalid Khan,+971509026757,marketing@apilproperties.com
Zephyra Residences | 2 Bedroom Apartment,2387760,"Dubai, None, Dubai Islands",2,3,1174,Apartment,Sale,Khalid Khan,+971509026757,marketing@apilproperties.com
Zephyra Residences | 1 Bedroom Apartment,1627760,"Dubai, None, Dubai Islands",1,2,727,Apartment,Sale,Khalid Khan,+971509026757,marketing@apilproperties.com
Hatimi Residences | 4 Bedroom Penthouses,16500000,"Dubai, None, Dubai Islands",4,5,4591,Penthouse,Sale,Khalid Khan,+971509026757,marketing@apilproperties.com
Hatimi Residences | 4 Bedroom Apartment,11500000,"Dubai, None, Dubai Islands",4,5,3276,Apartment,Sale,Khalid Khan,+971509026757,marketing@apilproperties.com
Hatimi Residences | 3 Duplex Bedroom Apartment,8800000,"Dubai, None, Dubai Islands",3,4,2486,Duplex,Sale,Khalid Khan,+971509026757,marketing@apilproperties.com
Hatimi Residences | 3 Bedroom Apartment,6300000,"Dubai, None, Dubai Islands",3,4,1915,Apartment,Sale,Khalid Khan,+971509026757,marketing@apilproperties.com
Hatimi Residences | 1 Bedroom Apartment,2600000,"Dubai, None, Dubai Islands",1,2,840,Apartment,Sale,Khalid Khan,+971509026757,marketing@apilproperties.com
Iluka Residences | 3 Bedroom Apartment,3511480,"Dubai, None, Dubai Islands",3,4,1527,Apartment,Sale,Khalid Khan,+971509026757,marketing@apilproperties.com
Iluka Residences | 2 Bedroom Apartment,2447040,"Dubai, None, Dubai Islands",2,3,1112,Apartment,Sale,Khalid Khan,+971509026757,marketing@apilproperties.com
Iluka Residences | 1 Bedroom Apartment,1849940,"Dubai, None, Dubai Islands",1,2,804,Apartment,Sale,Khalid Khan,+971509026757,marketing@apilproperties.com
Azura Residences | 3 Bedroom Apartment,4710190,"Dubai, None, Dubai Islands",3,4,2469,Apartment,Sale,Khalid Khan,+971509026757,marketing@apilproperties.com
Azura Residences | 2 Bedroom Apartment,2506730,"Dubai, None, Dubai Islands",2,3,1314,Apartment,Sale,Khalid Khan,+971509026757,marketing@apilproperties.com
Azura Residences | 1 Bedroom Apartment,1614000,"Dubai, None, Dubai Islands",1,2,882,Apartment,Sale,Khalid Khan,+971509026757,marketing@apilproperties.com
Ocean Tower | 3 Bedroom Apartment,3500000,"Dubai, None, Dubai Islands",3,4,1783,Apartment,Sale,Khalid Khan,+971509026757,marketing@apilproperties.com
Ocean Tower | 2 Bedroom Apartment,1950000,"Dubai, None, Dubai Islands",2,3,1279,Apartment,Sale,Khalid Khan,+971509026757,marketing@apilproperties.com
Ocean Tower | 1 Bedroom Apartment,1700000,"Dubai, None, Dubai Islands",1,2,854,Apartment,Sale,Khalid Khan,+971509026757,marketing@apilproperties.com
Bay Villas | 6 Bedroom Villas,45176000,"Dubai, None, Dubai Islands",6,7,14890,Villa,Sale,Khalid Khan,+971509026757,marketing@apilproperties.com

Total Properties,386,,,,,,,,
